{"0":{"prediction":3.6111483574},"1":{"prediction":3.6111483574},"2":{"prediction":3.6111483574},"3":{"prediction":3.0788152218},"4":{"prediction":3.0788152218},"5":{"prediction":3.0788152218},"6":{"prediction":3.0788152218},"7":{"prediction":3.0788152218},"8":{"prediction":3.286948204},"9":{"prediction":3.286948204},"10":{"prediction":3.286948204},"11":{"prediction":3.5478601456},"12":{"prediction":3.5478601456},"13":{"prediction":3.5478601456},"14":{"prediction":3.7395715714},"15":{"prediction":3.7646052837},"16":{"prediction":3.7646052837},"17":{"prediction":3.5631723404},"18":{"prediction":3.5631723404},"19":{"prediction":3.5631723404},"20":{"prediction":3.5631723404},"21":{"prediction":3.5631723404},"22":{"prediction":5.7905621529},"23":{"prediction":5.7905621529},"24":{"prediction":5.7905621529},"25":{"prediction":5.7905621529},"26":{"prediction":5.1628212929},"27":{"prediction":5.1497554779},"28":{"prediction":3.8618910313},"29":{"prediction":3.8618910313},"30":{"prediction":3.8618910313},"31":{"prediction":3.7756414413},"32":{"prediction":3.7756414413},"33":{"prediction":3.7756414413},"34":{"prediction":3.7756414413},"35":{"prediction":3.7756414413},"36":{"prediction":3.6745040417},"37":{"prediction":3.6745040417},"38":{"prediction":3.6745040417},"39":{"prediction":4.5441684723},"40":{"prediction":4.5441684723},"41":{"prediction":4.5441684723},"42":{"prediction":4.4094758034},"43":{"prediction":4.3236556053},"44":{"prediction":4.3236556053},"45":{"prediction":4.498837471},"46":{"prediction":3.7116775513},"47":{"prediction":3.7116775513},"48":{"prediction":3.7116775513},"49":{"prediction":4.5786170959},"50":{"prediction":4.5786170959},"51":{"prediction":4.5786170959},"52":{"prediction":4.8811206818},"53":{"prediction":4.8811206818},"54":{"prediction":4.8811206818},"55":{"prediction":4.8556966782},"56":{"prediction":4.8556966782},"57":{"prediction":5.1431241035},"58":{"prediction":5.108669281},"59":{"prediction":5.0172328949},"60":{"prediction":5.0172328949},"61":{"prediction":5.0172328949},"62":{"prediction":4.9216618538},"63":{"prediction":4.9216618538},"64":{"prediction":4.1809911728},"65":{"prediction":3.3776416779},"66":{"prediction":3.3776416779},"67":{"prediction":3.3776416779},"68":{"prediction":3.3776416779},"69":{"prediction":5.2627468109},"70":{"prediction":5.0316762924},"71":{"prediction":5.0316762924},"72":{"prediction":5.0610804558},"73":{"prediction":5.0610804558},"74":{"prediction":5.3636837006},"75":{"prediction":5.4241838455},"76":{"prediction":5.4241838455},"77":{"prediction":5.4241838455},"78":{"prediction":5.4241838455},"79":{"prediction":5.0952401161},"80":{"prediction":5.0952401161},"81":{"prediction":5.4534664154},"82":{"prediction":5.4534664154},"83":{"prediction":5.4534664154},"84":{"prediction":5.4534664154},"85":{"prediction":5.4534664154},"86":{"prediction":2.0715918541},"87":{"prediction":2.0715918541},"88":{"prediction":2.0715918541},"89":{"prediction":4.2127637863},"90":{"prediction":4.2127637863},"91":{"prediction":4.2127637863},"92":{"prediction":4.2127637863},"93":{"prediction":4.2127637863},"94":{"prediction":3.1440458298},"95":{"prediction":3.1440458298},"96":{"prediction":3.1440458298},"97":{"prediction":4.2797050476},"98":{"prediction":4.2797050476},"99":{"prediction":4.2797050476},"100":{"prediction":4.0444645882},"101":{"prediction":4.0142774582},"102":{"prediction":4.2315731049},"103":{"prediction":4.0054483414},"104":{"prediction":4.0054483414},"105":{"prediction":4.9562606812},"106":{"prediction":4.9562606812},"107":{"prediction":4.9562606812},"108":{"prediction":5.5100107193},"109":{"prediction":5.5100107193},"110":{"prediction":5.5100107193},"111":{"prediction":5.5527706146},"112":{"prediction":5.5986824036},"113":{"prediction":3.1491615772},"114":{"prediction":3.1491615772},"115":{"prediction":3.1491615772},"116":{"prediction":4.4257440567},"117":{"prediction":4.4257440567},"118":{"prediction":4.4257440567},"119":{"prediction":4.4257440567},"120":{"prediction":4.4257440567},"121":{"prediction":3.7817163467},"122":{"prediction":3.7817163467},"123":{"prediction":3.7817163467},"124":{"prediction":3.7817163467},"125":{"prediction":3.7817163467},"126":{"prediction":3.7817163467},"127":{"prediction":4.5924291611},"128":{"prediction":4.5924291611},"129":{"prediction":5.2353515625},"130":{"prediction":5.2353515625},"131":{"prediction":5.0005903244},"132":{"prediction":5.1468024254},"133":{"prediction":5.1468024254},"134":{"prediction":5.2330732346},"135":{"prediction":5.2330732346},"136":{"prediction":3.5847287178},"137":{"prediction":3.5847287178},"138":{"prediction":3.5847287178},"139":{"prediction":3.5847287178},"140":{"prediction":5.0876302719},"141":{"prediction":5.1793112755},"142":{"prediction":5.1793112755},"143":{"prediction":5.1793112755},"144":{"prediction":4.7165765762},"145":{"prediction":4.7856273651},"146":{"prediction":4.1955060959},"147":{"prediction":4.1955060959},"148":{"prediction":4.1955060959},"149":{"prediction":5.2945156097},"150":{"prediction":5.2945156097},"151":{"prediction":5.2945156097},"152":{"prediction":4.4593400955},"153":{"prediction":4.4593400955},"154":{"prediction":4.4593400955},"155":{"prediction":4.4593400955},"156":{"prediction":4.9273548126},"157":{"prediction":6.0040988922},"158":{"prediction":4.7233066559},"159":{"prediction":4.7233066559},"160":{"prediction":5.6232757568},"161":{"prediction":5.6232757568},"162":{"prediction":5.5806236267},"163":{"prediction":5.6344156265},"164":{"prediction":4.2170205116},"165":{"prediction":4.2170205116},"166":{"prediction":4.2170205116},"167":{"prediction":4.2170205116},"168":{"prediction":5.0570363998},"169":{"prediction":5.0569152832},"170":{"prediction":5.0569152832},"171":{"prediction":5.0778560638},"172":{"prediction":5.0778560638},"173":{"prediction":5.0832290649},"174":{"prediction":5.0832290649},"175":{"prediction":5.0671701431},"176":{"prediction":5.0671701431},"177":{"prediction":5.0671701431},"178":{"prediction":4.9731369019},"179":{"prediction":4.9073915482},"180":{"prediction":4.9073915482},"181":{"prediction":4.7543001175},"182":{"prediction":4.7543001175},"183":{"prediction":4.7543001175},"184":{"prediction":5.9489183426},"185":{"prediction":5.9489183426},"186":{"prediction":5.9489183426},"187":{"prediction":6.2184333801},"188":{"prediction":5.0198297501},"189":{"prediction":5.0198297501},"190":{"prediction":5.0198297501},"191":{"prediction":5.0198297501},"192":{"prediction":5.0198297501},"193":{"prediction":5.4463825226},"194":{"prediction":5.4463825226},"195":{"prediction":5.4463825226},"196":{"prediction":5.4463825226},"197":{"prediction":5.4463825226},"198":{"prediction":4.7664928436},"199":{"prediction":4.7664928436},"200":{"prediction":4.7664928436},"201":{"prediction":4.7664928436},"202":{"prediction":5.1950931549},"203":{"prediction":4.8766841888},"204":{"prediction":4.8766841888},"205":{"prediction":4.8766841888},"206":{"prediction":4.8766841888},"207":{"prediction":4.8766841888},"208":{"prediction":5.7938189507},"209":{"prediction":5.7938189507},"210":{"prediction":5.7938189507},"211":{"prediction":5.7938189507},"212":{"prediction":5.7938189507},"213":{"prediction":5.4049277306},"214":{"prediction":5.4049277306},"215":{"prediction":5.4049277306},"216":{"prediction":5.4049277306},"217":{"prediction":5.1526403427},"218":{"prediction":5.1526403427},"219":{"prediction":5.1526403427},"220":{"prediction":5.0082006454},"221":{"prediction":5.0406837463},"222":{"prediction":4.8626976013},"223":{"prediction":4.9533700943},"224":{"prediction":4.9533700943},"225":{"prediction":4.9533700943},"226":{"prediction":4.9533700943},"227":{"prediction":4.9533700943},"228":{"prediction":5.32964468},"229":{"prediction":5.32964468},"230":{"prediction":5.32964468},"231":{"prediction":5.32964468},"232":{"prediction":5.32964468},"233":{"prediction":5.3438510895},"234":{"prediction":5.3438510895},"235":{"prediction":5.3438510895},"236":{"prediction":5.3438510895},"237":{"prediction":4.78799963},"238":{"prediction":5.1993913651},