{
    "count": {
        "prediction": 379.0
    },
    "mean": {
        "prediction": 4.6208874148
    },
    "std": {
        "prediction": 0.7662873058
    },
    "min": {
        "prediction": 2.0715918541
    },
    "25%": {
        "prediction": 4.0196914673
    },
    "50%": {
        "prediction": 4.8556966782
    },
    "75%": {
        "prediction": 5.1946249008
    },
    "max": {
        "prediction": 6.2184333801
    }
}