{
    "count": {
        "prediction": 4255.0
    },
    "mean": {
        "prediction": 3.4329503628
    },
    "std": {
        "prediction": 0.8305508788
    },
    "min": {
        "prediction": 0.1690760702
    },
    "25%": {
        "prediction": 2.942767024
    },
    "50%": {
        "prediction": 3.4037504196
    },
    "75%": {
        "prediction": 3.9095642567
    },
    "max": {
        "prediction": 6.3276462555
    }
}