{
    "count": {
        "prediction": 18200.0
    },
    "mean": {
        "prediction": 3.3405736046
    },
    "std": {
        "prediction": 0.9003803683
    },
    "min": {
        "prediction": -2.3624815941
    },
    "25%": {
        "prediction": 2.8234996796
    },
    "50%": {
        "prediction": 3.373285532
    },
    "75%": {
        "prediction": 3.8572939634
    },
    "max": {
        "prediction": 6.8013906479
    }
}