{
    "count": {
        "prediction": 18484.0
    },
    "mean": {
        "prediction": 4.7019795136
    },
    "std": {
        "prediction": 1.0599307199
    },
    "min": {
        "prediction": -3.8129029274
    },
    "25%": {
        "prediction": 4.1763027906
    },
    "50%": {
        "prediction": 4.8168177605
    },
    "75%": {
        "prediction": 5.3622140884
    },
    "max": {
        "prediction": 7.5979986191
    }
}